<?xml version="1.0" encoding="UTF-8" standalone="yes"?>
<addon 	id="repo.nightwolf" name="[B][COLOR yellow]  Nightwolf  [COLOR orange]Repositorio Oficial[/B][/COLOR]"
		version="0.002"
		provider-name="[B][COLOR gold]Nigthwolf Team[/B][/COLOR]">

	<requires>
            <import addon="xbmc.python" version="2.1.0"/>
		    <import addon="script.module.addon.common" optional="true" />
		    <import addon="script.module.t0mm0.common" optional="true" />
		    <import addon="script.module.urlresolver" optional="true" />
    </requires>
	
	<extension point="xbmc.addon.repository" name="Repositorio Nightwolf">
		<info compressed="true">https://github.com/nightwolfaddon/repo.nightwolf/raw/master/addons.xml</info>
			<checksum>https://github.com/nightwolfaddon/repo.nightwolf/raw/master/addons.xml.md5</checksum>
			<datadir zip="true">https://github.com/nightwolfaddon/repo.nightwolf/raw/master</datadir>
	</extension>
		
	<extension point="xbmc.addon.metadata">
	<news>
	[COLOR orange]LOG DE CORREÇÔES[/COLOR]
	[COLOR red]*[/COLOR] V 0.002 - Criação do repositorio oficial
	
	</news>
		
	<summary>Repositorio Vikings levando os melhores addons a sua familia e aos quatro cantos do Mundo!!!</summary>
		
	<description>	
                [B][COLOR red]Repositório oficial Nightwolf - Proibido reprodução total ou parcial sem prévia autorização[/COLOR][/B]
				[B][COLOR firebrick]Proibido a venda dos add-ons contidos neste repositório[/COLOR][/B]
	</description>
		
<disclaimer>[B][COLOR orange]Repositório Nightwolf é apenas um AGREGADOR de ADDON e, assim como o Google.com, apenas agrega e organiza ADDONS DE TERCEIROS. Não somos responsáveis pelos arquivos aqui encontrados.[/COLOR][/B]</disclaimer>
		<platform>all</platform>
	</extension>
</addon>
