<?xml version="1.0" encoding="UTF-8" standalone="yes"?>
<addon 	id="vikingsdrago.repo" name="[B][COLOR red]  Vikings Drago  [COLOR blue]Addon Legendados[/B][/COLOR]"
		version="0.01"
		provider-name="[B][COLOR gold]Vikings TEAM[/B][/COLOR]">

	<requires>
            <import addon="xbmc.python" version="2.1.0"/>
		    <import addon="script.module.addon.common" optional="true" />
		    <import addon="script.module.t0mm0.common" optional="true" />
		    <import addon="script.module.urlresolver" optional="true" />
			
    </requires>
	
	<extension point="xbmc.addon.repository" name=".Vikings Drago Repositorio">
	
		<dir>
			<info compressed="true">https://github.com/vikingsbuild/vikingsdrago.repo/raw/master/addons.xml</info>
			<checksum>https://github.com/vikingsbuild/vikingsdrago.repo/raw/master/addons.xml.md5</checksum>
			<datadir zip="true">https://github.com/vikingsbuild/vikingsdrago.repo/raw/master</datadir>
		</dir>
	
		<dir>
			<info compressed="false">https://raw.githubusercontent.com/cy4root2/plugins/master/addons.xml</info>
           	<checksum>https://raw.githubusercontent.com/cy4root2/plugins/master/addon.xml.md5</checksum>
           	<datadir zip="true">https://raw.githubusercontent.com/cy4root2/plugins/master</datadir>
		</dir>

		<dir>
			<info compressed="false">https://raw.githubusercontent.com/covenant01/plugins/master/addons.xml</info>
			<checksum>https://raw.githubusercontent.com/covenant01/plugins/master/addons.xml.md5</checksum>
			<datadir zip="true">https://raw.githubusercontent.com/covenant01/plugins/master</datadir>
		</dir>

		<dir>
			<info compressed="false">https://raw.githubusercontent.com/a4k-openproject/repository.openscrapers/master/zips/addons.xml</info>
			<checksum>https://raw.githubusercontent.com/a4k-openproject/repository.openscrapers/master/zips/addons.xml.md5</checksum>
			<datadir zip="true">https://raw.githubusercontent.com/a4k-openproject/repository.openscrapers/master/zips/</datadir>
		</dir>

		<dir>
			<info compressed="false">https://raw.githubusercontent.com/jsergio123/zips/master/addons.xml</info>
			<checksum>https://raw.githubusercontent.com/jsergio123/zips/master/addons.xml.md5</checksum>
			<datadir zip="true">https://raw.githubusercontent.com/jsergio123/zips/master</datadir>
		</dir>

		<dir>
			<info compressed="false">https://raw.githubusercontent.com/a4k-openproject/repository.openmeta/master/zips/addons.xml</info>
			<checksum>https://raw.githubusercontent.com/a4k-openproject/repository.openmeta/master/zips/addons.xml.md5</checksum>
			<datadir zip="true">https://raw.githubusercontent.com/a4k-openproject/repository.openmeta/master/zips/</datadir>
		</dir>

		<dir>
			<info compressed="false">https://raw.githubusercontent.com/marcelveldt/repository.marcelveldt/master/addons.xml</info>
			<checksum>https://raw.githubusercontent.com/marcelveldt/repository.marcelveldt/master/addons.xml.md5</checksum>
			<datadir zip="true">https://raw.githubusercontent.com/marcelveldt/repository.marcelveldt/master/</datadir>
		</dir>

		<dir>
			<info compressed="false">https://raw.githubusercontent.com/teamuniversal/scrapers/master/_modules4all/zips/addons.xml</info>
			<checksum>https://raw.githubusercontent.com/teamuniversal/scrapers/master/_modules4all/zips/addons.xml.md5</checksum>
			<datadir zip="true">https://raw.githubusercontent.com/teamuniversal/scrapers/master/_modules4all/zips/</datadir>
		</dir>

		<dir>
			<info compressed="false">https://raw.githubusercontent.com/totalrevolution/python-koding/master/zips/addons.xml</info>
			<checksum>https://raw.githubusercontent.com/totalrevolution/python-koding/master/zips/addons.xml.md5</checksum>
			<datadir zip="true">https://raw.githubusercontent.com/totalrevolution/python-koding/master/zips/</datadir>
		</dir>

   		<dir>
            <info compressed="false">https://repo.orionoid.com/addons.xml?v=3.3.0</info>
            <checksum>https://repo.orionoid.com/addons.xml.md5?v=3.3.0</checksum>
            <datadir zip="true">https://repo.orionoid.com</datadir>
            </dir>
	</extension>
	
		
	<extension point="xbmc.addon.metadata">
	
	<news>
	[COLOR orange]LOG DE CORREÇÔES[/COLOR]
	[COLOR red]*[/COLOR]   V 0.01 - criação do repositório...
	</news>
		
	<summary>Repositorio Vikings Drago levando os melhores addons Legendados a sua familia e aos quatro cantos do Mundo!!!</summary>
		
	<description>	
                    [B][COLOR orange]Repositório Vikings Drago, Somente Addons Gringos Legendados!!![/COLOR][/B]
					
	</description>
		
<disclaimer>[B][COLOR orange]Repositório Vikings Drago é apenas um AGREGADOR de ADDONS e, assim como o Google.com, apenas agrega e organiza ADDONS DE TERCEIROS. Não somos responsáveis pelos arquivos aqui encontrados.[/COLOR][/B]</disclaimer>
		<platform>all</platform>
	</extension>
</addon>
