<?xml version="1.0" encoding="UTF-8" standalone="yes"?>
<addon id="plugin.video.braziltv" name="BrazilTV" version="1.2.4" provider-name="teamBrazilTV">
  <requires>
    <import addon="xbmc.python" version="2.25.0"/>
    <import addon="plugin.video.f4mTester" version="3.0.0"/>
    <import addon="plugin.video.youtube" version="6.6.0" optional="true"/>
  </requires>
  <extension point="xbmc.python.pluginsource" library="addon.py">
    <provides>video</provides>
  </extension>
  <extension point="xbmc.addon.metadata">
    <summary lang="en">[COLOR lightyellow]IPTV livre para todos.[/COLOR]</summary>
    <description lang="en">[COLOR lightblue][B]ATENÇÃO:[/B] Não hospedamos nem temos ligação com nenhum dos conteúdos deste addon, apenas reunimos links e conteúdos de terceiros. Não vendemos IPTV.[/COLOR]</description>
    <assets>
        <icon>icon.png</icon>
        <fanart>fanart.jpg</fanart>
    </assets>
    <website>https://braziltv.yolasite.com</website>
    <news>[B][COLOR lime]v1.2.4[/COLOR][/B]
- Ajustes na área de doadores
- Melhorada visibilidade do status do sistema
- Atualização de dependências
- Correção de bugs e pequenos ajustes</news>
  </extension>
</addon>