<?xml version="1.0" encoding="UTF-8" standalone="yes"?>
<addon id="plugin.video..ConexaoTorrents" name="[B][COLOR beige]Cone[B][COLOR beige][B]x[/B][COLOR  beige][B]ão[/COLOR][COLOR aqua] Torrents[/COLOR][/B]" version="1.0.2" provider-name="Conexao Play">
  <requires>
		<import addon="xbmc.python" version="2.1.0"/>
		<!--import addon="script.module.urlresolver" version="2.10.0"/-->
  </requires>
  <extension point="xbmc.python.pluginsource" library="addon.py">
    <provides>video</provides>
  </extension>
  <extension point="xbmc.addon.metadata">
    <summary lang="en">[B][COLOR beige]Cone[B][COLOR beige][B]x[/B][COLOR  beige][B]ão[/COLOR][COLOR aqua] Torrents[/COLOR][/B]</summary>
    <description lang="en">ASSISTA FILMES E SÉRIES EM TORRENTS DIRETO NO KODI.</description>
    <disclaimer lang="en"></disclaimer>
    <language></language>
    <platform>all</platform>
    <license></license>
    <forum></forum>
    <website></website>
    <email></email>
    <source></source>
  </extension>
</addon>