<?xml version="1.0" encoding="UTF-8" standalone="yes"?>
<addon id="plugin.video.crackle" name="Crackle" version="2019.10.2" provider-name="eracknaphobia">
  <requires>
      <import addon="xbmc.python" version="2.25.0"/>
      <import addon="script.module.requests" version="2.9.1"/>
  </requires>
  <extension point="xbmc.python.pluginsource" library="main.py">
        <provides>video</provides>
  </extension>
  <extension point="xbmc.addon.metadata">
    <platform>all</platform>
    <summary lang="en_GB">Crackle delivers popular, award-winning TV, movies and originals. With no limit to how much you can watch across all your devices, you can binge all you want, wherever you want.</summary>
    <description lang="en_GB">Crackle is a video streaming distributor of original web shows, Hollywood movies, and TV shows. Founded in the early 2000s as Grouper, and rebranded in 2007, Crackle is owned by Sony Pictures Entertainment.</description>
      <news>
        Thanks to Sreekanth for the following updates
        - set mediatype for movies, tvshows and episodes appropriately
        - use addon_url variable
        - little bit of cleanup
        - set the correct content type for directory listing
        - set fanart and poster for list items in directory. Now, it can displa…
        - display tvshow title for episodes
      </news>
    <language>en</language>
    <platform>all</platform>
    <license>GNU GENERAL PUBLIC LICENSE. Version 2, June 1991</license>
    <forum></forum>
    <source>https://github.com/eracknaphobia/plugin.video.crackle</source>
    <assets>
        <icon>icon.png</icon>
        <fanart>fanart.jpg</fanart>
    </assets>
  </extension>
</addon>
