<?xml version="1.0" encoding="UTF-8" standalone="yes"?>
<addon id="plugin.video.Point242"
       name="[B][COLOR gold]P[COLOR blue]O[/COLOR][COLOR lime]I[/COLOR][COLOR red]N[/COLOR][COLOR magenta]T[/COLOR][COLOR white]242[/B][/COLOR]"
       version="1.6"
       provider-name="POINT">
  <requires>
    <import addon="xbmc.python" version="2.1.0"/>
    <import addon="script.module.beautifulsoup" version="3.2.1"/>
    <import addon="script.module.simple.downloader" version="0.9.4"/>
    <import addon="script.module.beautifulsoup4"/>
    <import addon="script.module.requests"/>
    <import addon="script.module.httplib2"/>
    <import addon="script.module.youtube.dl" optional="true"/>
    <import addon="plugin.video.youtube"/>
    <import addon="script.module.urlresolver" optional="true"/>
    <import addon="script.module.simplejson"/> 
  </requires>
  <extension point="xbmc.python.pluginsource" library="default.py">
        <provides>video</provides>
  </extension>
  <extension point="xbmc.addon.metadata">
    <summary lang="en">TV Online</summary>
    <description lang="en">[B][COLOR white]Este addon e apenas um redirecionador de links, nao armazenamos conteudos adultos  multimidias, todo seu conteudo e de dominio publico facilmente encontrado na internet[/COLOR][/B]</description>
    <platform>all</platform>
  </extension>
</addon>
