<?xml version="1.0" encoding="UTF-8" standalone="yes"?>
<addon id="repo.pikachutop" name="[B][COLOR yellow][B]PIKACHU [COLOR firebrick] ENTRETENIMENTOS!!![/B][/COLOR]" version="1.0" provider-name="[B][COLOR yellow][B]PIKACHU [COLOR firebrick] ENTRETENIMENTOS!!![/B][/COLOR]">
<requires>
<import addon="xbmc.python" version="2.1.0"/>
</requires>
<extension point="xbmc.addon.repository" name="[B][COLOR yellow][B]PIKACHU [COLOR firebrick] ENTRETENIMENTOS!!![/B][/COLOR]">
<info compressed="false">https://raw.githubusercontent.com/kodishmediacenter/store/master/27012020/Laddons.xml</info>
<checksum>https://raw.githubusercontent.com/kodishmediacenter/store/master/27012020/addons.xml.md5</checksum>
<datadir zip="true">https://raw.githubusercontent.com/kodishmediacenter/store/master/27012020/</datadir>
</extension>
<extension point="xbmc.addon.metadata">
<news>
</news>
<summary>Repositorio oficial do Pikachu</summary>
<description></description>
<disclaimer>Seja Bem-Vindo a Familia</disclaimer>
<platform>all</platform>
<assets>
<icon>icon.png</icon>
</assets>
</extension>
</addon>