<?xml version="1.0" encoding="UTF-8" standalone="yes"?>
<addon id="plugin.video.brasilfull"
       name="[B][COLOR firebrick]BRASIL[/COLOR][/B] [B][COLOR white]FULL[/COLOR][/B]"
       version="3.8"
       provider-name="TheusZ">
  <requires>
    <import addon="xbmc.python" version="2.1.0"/>
    <import addon="script.module.beautifulsoup" version="3.2.1"/>
    <import addon="script.module.simple.downloader" version="0.9.4"/>
    <import addon="script.module.beautifulsoup4" />
    <import addon="script.module.requests" />
    <import addon="script.module.httplib2" />
    <import addon="script.module.liveresolver" version="0.1.24" optional="true"/>
    <import addon="script.module.youtube.dl" optional="true"/>
    <import addon="plugin.video.youtube" optional="true" />
    <import addon="script.module.urlresolver" optional="true"/>
    <import addon="script.module.simplejson" />    
     <import addon="script.module.livestreamer" optional="true"/>
     <import addon="script.module.pyamf" optional="true"/>
  </requires>
  <extension point="xbmc.python.pluginsource" library="default.py">
    <provides>video</provides>
  </extension>


  <extension point="xbmc.addon.metadata">
    <summary>Conteúdos com qualidade e exclusividade, recuse imitações [COLOR firebrick]l[/COLOR] TV [COLOR firebrick]l[/COLOR] FILMES [COLOR firebrick]l[/COLOR] SÉRIES [COLOR firebrick]l[/COLOR] DESENHOS [COLOR firebrick]l[/COLOR] LANÇAMENTOS [COLOR firebrick]l[/COLOR]</summary>
    <description>
[COLOR red]l[/COLOR] TV [COLOR red]l[/COLOR] FILMES [COLOR red]l[/COLOR] SERIES [COLOR red]l[/COLOR] DESENHOS [COLOR red]l[/COLOR]

[COLOR red]l[/COLOR] A equipe Brasil Full disponibiliza gratuitamente um imenso acervo ondemand totalmente dublado e com ótimas qualidades à todos os usuários Kodi.[COLOR red]l[/COLOR]

[COLOR red]l[/COLOR] Brasil Full - Saiu Dublado, Saiu Aqui![COLOR red]l[/COLOR]
    </description>
    <disclaimer lang="en">Todo o conteúdo aqui encontrado pode ser facilmente encontrado pela internet, nosso trabalho é apenas armazenar todo este conteúdo em um banco de dados próprio e disponibiliza-los de forma mais "confortável" aos interessados nesse tipo de conteúdo. Entretando, qualquer plágio das páginas aqui encontradas estarão sujeitas a represárias.</disclaimer>
    <news>[COLOR firebrick]l[/COLOR] Atualizacao v3.8 [COLOR firebrick]l[/COLOR]

[COLOR firebrick]l[/COLOR] Base reformulada [COLOR firebrick]l[/COLOR]
[COLOR firebrick]l[/COLOR] Ondemands sem necessidade de Gdrive ou Add-on's externos [COLOR firebrick]l[/COLOR]
[COLOR firebrick]l[/COLOR] Compactado para mais performance [COLOR firebrick]l[/COLOR]
[COLOR firebrick]l[/COLOR] Mais opções de fontes [COLOR firebrick]l[/COLOR]
[COLOR firebrick]l[/COLOR] Correções de Bugs [COLOR firebrick]l[/COLOR]

[B][COLOR firebrick]BRASIL[/COLOR] [COLOR white]FULL[/COLOR][/B]
www.brasilfull.gq</news>
    <platform>all</platform>
      <assets>
        <icon>icon.png</icon>
        <fanart>fanart.jpg</fanart>
        <screenshot>resources/screenshots/01.jpg</screenshot>
        <screenshot>resources/screenshots/02.jpg</screenshot>
        <screenshot>resources/screenshots/03.jpg</screenshot>
      </assets>
  </extension>
</addon>
