<item>
	<title>[COLOR=white]Ford v Ferrari (2019)[/COLOR]</title>
	<meta>
		<imdb>tt1950186</imdb>
		<title>Ford v Ferrari</title>
		<content>movie</content>
		<year>2019</year>
	</meta>
	<link>
	<sublink>https://real-debrid.com/d/P£ITBZHAYCNP6</sublink>
		<sublink>search</sublink>
		<sublink>seachsd</sublink>
	</link>
	<thumbnail>https://m.media-amazon.com/images/M/MV5BYzcyZDNlNDktOWRhYy00ODQ5LTg1ODQtZmFmZTIyMjg2Yjk5XkEyXkFqcGdeQXVyMTkxNjUyNQ@@._V1_SY1000_SX675_AL_.jpg</thumbnail>
	<fanart>https://m.media-amazon.com/images/M/MV5BODAyYTlkMTYtZjdjZC00Yjg4LTgxODktYTg4Nzc3MDhjMWIwXkEyXkFqcGdeQXVyMTAzMjU1MDkx._V1_SX1777_CR0,0,1777,942_AL_.jpg</fanart>
</item>

