﻿<?xml version="1.1" encoding="UTF-8" standalone="yes"?>
<addon id="repository.braziltv" name="BrazilTV Repo" version="1.1" provider-name="teamBrazilTV">
  <extension point="xbmc.addon.repository" name="BrazilTV Repo">
    <info compressed="false">http://braziltv.yolasite.com/resources/repo/addons.xml</info>
    <checksum>http://braziltv.yolasite.com/resources/repo/addons.xml.md5</checksum>
    <datadir zip="true">http://braziltv.yolasite.com/resources/repo/</datadir>
  </extension>
  <extension point="xbmc.addon.metadata">
    <summary lang="en">Repositório oficial BrazilTV.</summary>
    <description lang="en">Este é o repositório oficial com o addon e as atualizações do BrazilTV. Aqui você também encontra as dependências necessárias para que tudo funcione corretamente.</description>
    <assets>
        <icon>icon.png</icon>
        <fanart>fanart.jpg</fanart>
    </assets>
    <website>https://braziltv.yolasite.com</website>
  </extension>
</addon>