<?xml version="1.0" encoding="UTF-8" standalone="yes"?>
<addon 	id="repo.vikingslegends" name="[B][COLOR red]  Vikings Lengends  [COLOR blue]Addon Legendados[/B][/COLOR]"
		version="0.01"
		provider-name="[B][COLOR gold]Vikings TEAM[/B][/COLOR]">

	<requires>
            <import addon="xbmc.python" version="2.1.0"/>
		    <import addon="script.module.addon.common" optional="true" />
		    <import addon="script.module.t0mm0.common" optional="true" />
		    <import addon="script.module.urlresolver" optional="true" />
    </requires>
	
	<extension point="xbmc.addon.repository" name=".Vikings Legends Repositorio">
		<info compressed="true">https://github.com/vikingsbuild/repo.vikingslegends/raw/master/addons.xml</info>
			<checksum>https://github.com/vikingsbuild/repo.vikingslegends/raw/master/addons.xml.md5</checksum>
			<datadir zip="true">https://github.com/vikingsbuild/repo.vikingslegends/raw/master</datadir>
	</extension>
		
	<extension point="xbmc.addon.metadata">
	<news>
	[COLOR orange]LOG DE CORREÇÔES[/COLOR]
	[COLOR red]*[/COLOR] V 1.00 - criação do repositório...
	</news>
		
	<summary>Repositorio Vikings Legends levando os melhores addons Legendados a sua familia e aos quatro cantos do Mundo!!!</summary>
		
	<description>	
                    [B][COLOR orange]Repositório Vikings Legends, Somente Addons Gringos Legendados!!![/COLOR][/B]
					
	</description>
		
<disclaimer>[B][COLOR orange]Repositório Vikings Legends é apenas um AGREGADOR de ADDONS e, assim como o Google.com, apenas agrega e organiza ADDONS DE TERCEIROS. Não somos responsáveis pelos arquivos aqui encontrados.[/COLOR][/B]</disclaimer>
		<platform>all</platform>
	</extension>
</addon>
