﻿<?xml version="1.0" encoding="UTF-8" standalone="yes"?>
<addon id="plugin.video.KelTecPlay" name="[B][COLOR white]KelTec[/COLOR] [COLOR crimson]Play[/COLOR][/B]" version="2.0c" provider-name="Team KelTec">
  <extension point="xbmc.python.pluginsource" library="default.py">
        <provides>video</provides>
  </extension>
  <extension point="xbmc.addon.repository" name="Repositório KelTec Media-Play">
		<info compressed="false">https://raw.githubusercontent.com/Jhonny-lima/Reposit-rio-KelTec-MP/master/addons.xml</info>
		<checksum>https://raw.githubusercontent.com/Jhonny-lima/Reposit-rio-KelTec-MP/master/addons.xml.md5</checksum>
		<datadir zip="true">https://raw.githubusercontent.com/Jhonny-lima/Reposit-rio-KelTec-MP/master/Plugins</datadir>
	</extension>
  <extension point="xbmc.addon.metadata">
    <summary lang="en">Filmes e Series</summary>
    <description lang="en">Addon modificado do PlaylistLoader 1.2.0 por Avigdor https://github.com/avigdork/xbmc-avigdork. Nao somos responsaveis por colocar o conteudo online, apenas indexamos. Para sugestoes e report de bugs nossa pagina no FB: [COLOR blue]https://www.facebook.com/groups/KelTec.Media.Play[/COLOR]</description>
	<disclaimer lang="en">O autor não é de forma alguma afiliado à Kodi, à Team Kodi ou à XBMC Foundation. Este é um recurso sem fins lucrativos, organizado exclusivamente para fins educacionais e protegido pela doutrina de uso justo da Lei de Direitos Autorais, especificamente a seção 107, que promove a liberdade de expressão, permitindo o uso não licenciado de obras protegidas por direitos autorais.</disclaimer>
    <platform>all</platform>
	<news></news>
  </extension>
</addon>