<?xml version="1.0" encoding="UTF-8" standalone="yes"?><addon id="plugin.video.NordesTv" name="[COLOR blue][B]Nordes[/B][/COLOR][COLOR white][B]Tv[/B][/COLOR]" version="3.2.3" provider-name="Equipe NordesTv"><requires>    <import addon="xbmc.python" version="2.1.0"/>    <import addon="script.module.t0mm0.common"/>    <import addon="script.module.beautifulsoup"/>    <import addon="script.module.beautifulsoup4"/>    <import addon="script.module.simple.downloader"/>    <import addon="script.module.requests"/>    <import addon="script.module.httplib2"/>    <import addon="script.module.urlresolver"/>    <import addon="script.module.simplejson"/>    <import addon="script.common.plugin.cache"/>    <import addon="script.module.metahandler"/></requires>  <extension point="xbmc.python.pluginsource" library="default.py">        <provides>video</provides>  </extension>  	<extension point="xbmc.addon.repository" name="Repositorio NordesTv">		<info compressed="false">https://raw.githubusercontent.com/luis45carlos/RepoNordesTv/master/addons.xml</info>		<checksum>https://raw.githubusercontent.com/luis45carlos/RepoNordesTv/master/addons.xml.md5</checksum>		<datadir zip="true">https://raw.githubusercontent.com/luis45carlos/RepoNordesTv/master/ZipFiles/</datadir>    </extension>  <extension point="xbmc.addon.metadata">    <summary lang="en">NordeTv</summary>    <description lang="en">[COLOR yellow]l[/COLOR] TV AO VIVO[COLOR yellow]l[/COLOR] FILMES [COLOR yellow]l[/COLOR] SERIES [COLOR yellow]l[/COLOR] WEB RADIO [COLOR yellow]l[/COLOR] NOVELAS [COLOR yellow]l[/COLOR] DESENHOS [COLOR yellow]l[/COLOR][COLOR yellow]l[/COLOR] Add-on [COLOR blue][B]Nordes[/B][/COLOR][COLOR white][B]TV[/B][/COLOR] esta protegido de usso da lei de direitos autorais especificamente a secao 107.[COLOR yellow]l[/COLOR]O autor e responsavel pelo uso deste Add-on. [COLOR blue][B]Nordes[/B][/COLOR][COLOR white][B]TV[/B][/COLOR][COLOR yellow]l[/COLOR] O autor nao e de forma alguma afiliado à Kodi, a Team Kodi ou a XBMC Foundation. Este é um recurso sem fins lucrativos, [COLOR yellow]l[/COLOR]             [COLOR blue][B]Nordes[/B][/COLOR][COLOR white][B]TV[/B][/COLOR][COLOR yellow]l[/COLOR]- DO CINEMA PARA SUA CASA -[COLOR yellow]l[/COLOR]</description>    <platform>all</platform><assets>	<icon>icon.png</icon>	<fanart>fanart.jpg</fanart>	<screenshot>resources/screenshots/screenshot000.png</screenshot>	<screenshot>resources/screenshots/screenshot001.png</screenshot>	<screenshot>resources/screenshots/screenshot002.png</screenshot></assets></extension></addon>