<?xml version="1.0" encoding="UTF-8" standalone="yes"?>
<addon id="plugin.program.VikingsFlexThemasONLINE" name="[COLOR orange]Vikings[/COLOR] [COLOR gold]Flex Themas[/COLOR] [COLOR green]Online[/COLOR]" version="1.05" provider-name="By Chalado">
  <requires>
    <import addon="xbmc.python" version="2.1.0"/>
  </requires>
  <extension point="xbmc.python.pluginsource" library="default.py">
        <provides>video executable</provides>
  </extension>
  <extension point="xbmc.addon.metadata">
    <summary lang="en">[COLOR lime]Vikings Flex Themas ONLINE[/COLOR] - [COLOR white]Inscreva-se em nosso canal no Yotube: https://www.youtube.com/c/VikingsArcades[/COLOR]</summary>
    <description lang="en">[B]Mude a cara de seu kodi em um clique, rapido e facil e flexivel![CR][COLOR aqua][/COLOR]</description>
    <platform>all</platform>
  </extension>
</addon>
