﻿<?xml version="1.1" encoding="UTF-8" standalone="yes"?>
<addon id="repo.alado" name="[COLOR lime][B]Alado[/COLOR][COLOR gold] Repository[/B][/COLOR]" version="0.1" provider-name="[COLOR lime][B]ALADO[/B][/COLOR]">
	<extension point="xbmc.addon.repository" name="repo.alado">
		<info compressed="false">https://raw.githubusercontent.com/Alado2020/repo.alado/master/addons.xml</info>
		<checksum>https://raw.githubusercontent.com/Alado2020/repo.alado/master/addons.xml.md5</checksum>
		<datadir zip="true">https://raw.githubusercontent.com/Alado2020/repo.alado/master/repo/</datadir>
	</extension>
	<extension point="xbmc.addon.metadata">
		<summary>[COLOR gold]By Team Milhano[/COLOR]</summary>
		<description>[COLOR gold]By Team Milhano[/COLOR]</description>
		<disclaimer></disclaimer>
		<platform>all</platform>
	</extension>
</addon>