<?xml version="1.0" encoding="UTF-8" standalone="yes"?>
<addon id="plugin.video.monkeyspank" name="Monkey Spank" version="1.0.0" provider-name="MrSkeletor">
    <requires>
        <import addon="xbmc.python" version="2.1.0"/>
        <import addon="script.module.requests" version="1.1.0"/>
        <import addon="script.module.t0mm0.common" version="1.1.0"/>
    </requires>
    <extension point="xbmc.python.pluginsource" library="default.py">
        <provides>video</provides>
    </extension>
    <extension point="xbmc.addon.metadata">
        <news>v 1.0.0 Birth</news>
        <summary>[COLOR deeppink]XXX[/COLOR] Adult Content</summary>
        <description>[COLOR deeppink]Porn Videos[/COLOR]</description>
		<disclaimer></disclaimer>	
		<platform>all</platform>
		<license>http://www.gnu.org/licenses/</license>
		<forum></forum>
		<website></website>    
		<email></email>
		<mainsource>http://repo.illuminatitemple.xyz</mainsource>    
		<source></source> 		
    </extension>
</addon>
