<addon id="plugin.audio.radio_de" name="Radio" provider-name="Tristan Fischer, enen92" version="2.3.4">
    <requires>
        <import addon="xbmc.python" version="2.14.0" />
        <import addon="script.module.xbmcswift2" version="2.5.0" />
    </requires>
    <extension library="addon.py" point="xbmc.python.pluginsource">
        <provides>audio</provides>
    </extension>
    <extension point="xbmc.addon.metadata">
        <platform>all</platform>
        <website>https://www.radio.de</website>
        <source>https://github.com/XBMC-Addons/plugin.audio.radio_de</source>
        <forum>https://forum.xbmc.org/showthread.php?tid=119362</forum>
        <license>GPL-2.0-only</license>
        <news>v2.3.4 (4/12/2019)
            [new] Update to support python 3
            [new] New language files
            [new] Remove deprecated methods
        </news>
        <summary lang="be">Access &gt;7000 radio broadcasts</summary>
        <summary lang="ca">accedeix a mes de 7000 emissores de radio</summary>
        <summary lang="da">Få adgang til &gt;7000 radioudsendelser</summary>
        <summary lang="de">Zugriff auf &gt;7000 Radiosender</summary>
        <summary lang="el">Πρόσβαση σε πάνω από 7000 εκπομπές</summary>
        <summary lang="en">Access &gt;7000 radio broadcasts</summary>
        <summary lang="en_NZ">Access &gt;7000 radio broadcasts</summary>
        <summary lang="en_US">Access &gt;7000 radio broadcasts</summary>
        <summary lang="es">Escuche más de 7.000 emisoras de radio</summary>
        <summary lang="fr">Ecoutez plus de 7000 stations de radio</summary>
        <summary lang="fr_CA">Accéder à &gt; 7 000 radiodiffusions</summary>
        <summary lang="gl">Escoite máis de 7000 emisoras de radio</summary>
        <summary lang="he">גישה ליותר מ־7000 שידורי רדיו</summary>
        <summary lang="hr">Pristup &gt;7000 radio emitiranja</summary>
        <summary lang="hu">Hozzáférés 7000-nél is több rádióadáshoz</summary>
        <summary lang="id">Akses &gt;7000 siaran radio</summary>
        <summary lang="it">Accedi a più di 7000 trasmissioni radio</summary>
        <summary lang="lt">Prieiga&gt; 7000 radijo transliacijų</summary>
        <summary lang="nl">Toegang tot &gt;7000 radio uitzendingen</summary>
        <summary lang="pl">Dostęp do ponad 7000 stacji radiowych</summary>
        <summary lang="pt">Aceder a mais de 7000 transmissões de rádio</summary>
        <summary lang="pt_BR">Acesse&gt;7000 broadcasts rádios</summary>
        <summary lang="sk">Pristupujte k vyše 7000 vysielaniam</summary>
        <summary lang="sv">Access &gt;7000 radiosändningar</summary>
        <summary lang="ta_IN">7000 க்கும் மேல் வானொலி ஒளிபரப்புகளை அணுகவும்</summary>
        <summary lang="zh">访问大于7000个电台广播</summary>
        <description lang="be">Music plugin to access over 7000 international radio broadcasts from rad.io, radio.de and radio.fr[CR]Currently features[CR]- English, german and french translated[CR]- Browse stations by location, genre, topic, country, city and language[CR]- Search for stations[CR]- 115 genres, 59 topics, 94 countrys, 1010 citys, 63 languages</description>
        <description lang="ca">Plugin de música per escoltar més de 7000 emissores de ràdio internacionals des rad.io, radio.de i radio.fr. [CR] Característiques: [CR]- Traduccions a l'anglès, alemany, francès i espanyol. [CR]- Cercador de emissores per ubicació, gènere, tema, país, ciutat o idioma. [CR]- Cercador d'emissores. [CR]- 115 gèneres, 59 temes, 94 països, 1010 ciutats, 63 idiomes.</description>
        <description lang="da">Musikplugin som giver adgang til over 7000 internationale radioudsendelser fra rad.io, radio.de og radio.fr[CR]Nuværende funktioner[CR]- Oversat til engelsk, tysk og fransk[CR]- Gennemse stationer efter lokalitet, genre, emne, land, by og sprog[CR]- Søg efter stationer[CR]- 115 genrer, 59 emner, 94 lande, 1010 byer og 63 sprog</description>
        <description lang="de">Das Radio im Internet mit über 7000 Radiosendern, Internetradio Stationen, gratis Streams und Podcasts live von rad.io, radio.de und radio.fr.[CR]Features[CR]- Auf deutsch, englisch und französisch übersetzt[CR]- Sortiert nach: in der Nähe, Genre, Thema, Land und Sprache[CR]- nach Sendern suchen[CR]- 115 Genre, 59 Themen, 94 Länder, 1010 Städte, 63 Sprachen</description>
        <description lang="el">Μουσικό plugin για πρόσβαση σε περισσότερους από 7000 διεθνείς ραδιοφωνικές εκπομπές από τα rad.io, radio.de και radio.fr[CR]Υποστηρίζονται[CR]- Μεταφράσεις σε Αγγλικά, Γερμανικά και Γαλλικά[CR]- Περιήγηση σταθμών ανά τοποθεσία, είδος, θέμα, χώρα, πόλη και γλώσσα[CR]- Αναζήτηση σταθμών[CR]- 115 είδη, 59 θέματα, 94 χώρες, 1010 πόλεις, 63 γλώσσες</description>
        <description lang="en">Music plugin to access over 7000 international radio broadcasts from rad.io, radio.de and radio.fr[CR]Currently features[CR]- English, german and french translated[CR]- Browse stations by location, genre, topic, country, city and language[CR]- Search for stations[CR]- 115 genres, 59 topics, 94 countrys, 1010 citys, 63 languages</description>
        <description lang="en_NZ">Music plugin to access over 7000 international radio broadcasts from rad.io, radio.de and radio.fr[CR]Currently features[CR]- English, german and french translated[CR]- Browse stations by location, genre, topic, country, city and language[CR]- Search for stations[CR]- 115 genres, 59 topics, 94 countrys, 1010 citys, 63 languages</description>
        <description lang="en_US">Music plugin to access over 7000 international radio broadcasts from rad.io, radio.de and radio.fr[CR]Currently features[CR]- English, german and french translated[CR]- Browse stations by location, genre, topic, country, city and language[CR]- Search for stations[CR]- 115 genres, 59 topics, 94 countrys, 1010 citys, 63 languages</description>
        <description lang="es">Plugin de música para escuchar más de 7.000 emisoras de radio internacionales desde rad.io, radio.de y radio.fr.[CR]Características:[CR]- Traducciones al inglés, alemán, francés y español.[CR]- Buscador de emisoras por ubicación, género, tema, país, ciudad o idioma.[CR]- Buscador de emisoras.[CR]- 115 géneros, 59 temas, 94 países, 1.010 ciudades, 63 idiomas.</description>
        <description lang="fr">Plugin musical pour écouter plus de 7000 stations de radio internationales de rad.io, radio.de et radio.fr[CR]Fonctionnalités[CR]- Traduit en Anglais, Allemand et Français[CR]- Parcourir les stations par genre, thème, pays, ville et langue[CR]- Recherche de stations[CR]- 115 genres, 59 thèmes, 94 pays, 1010 villes, 63 langues</description>
        <description lang="fr_CA">Plugiciel de musique pour accéder à plus de 7 000 radiodiffusions internationales de rad.io, radio.de et radio.fr[CR]Offre présentement [CR]- Traductions en anglais, allemand et français[CR]- Parcourir des stations par lieux, genres, sujets, pays, villes et langues[CR]- Rechercher des stations[CR]- 115 genres, 59 sujets, 94 pays, 1 010 villes, 63 langues.</description>
        <description lang="gl">Engadido de música para escoitar máis de 7000 emisoras de radio internacionais de rad.io, radio.de e radio.fr.[CR]Características:[CR]- Traducións ao inglés, alemán, francés e castelán.[CR]- Busca de emisoras por localización, xénero, tema, país, cidade ou idioma.[CR]- Busca de emisoras.[CR]- 115 xéneros, 59 temas, 94 países, 1010 cidades, 63 idiomas.</description>
        <description lang="he">הרחבת מוזיקה המספקת גישה ליותר מ־7000 שידורי רדיו בינלאומים מ־rad.io, radio.de ו־radio.fr[CR]מאפיינים נוכחיים[CR]- שפות אנגלית, גרמנית וצרפתית[CR]- עיון לפי מיקום, סגנון, נושא, מדינה, עיר ושפה[CR]- חיפוש תחנות[CR]- 115 סגנונות, 59 נושאים, 94 מדינות 1010 ערים, 63 שפות</description>
        <description lang="hr">Glazbeni dodatak za pristup 7000 međunarodnih radio stanica na rad.io, radio.de i radio.fr[CR]Trenutne značajke[CR]- engleski, njemački i francuski prijevodi[CR]- Pregledavajte stanice prema lokaciji, žanru, temi, zemlji, gradu i jeziku[CR]- Pretraživanje stanica[CR]- 115 žanrova, 59 tema, 94 zemalja, 1010 gradova, 63 jezika</description>
        <description lang="hu">Beépülő modul több, mint 7000 nemzetközi rádióadás eléréséhez a rad.io, radio.de és radio.fr oldalakról[CR]Jelenlegi tulajdonságok[CR]- Angol, német, francia és magyar nyelv[CR]- Állomások böngészése hely, műfaj, téma, ország, város és nyelv szerint[CR]- Állomások keresése[CR]- 115 műfaj, 59 téma, 94 ország, 1010 város, 63 nyelv</description>
        <description lang="id">Plugin musik untuk mengakses lebih dari 7000 siaran radio internasional dari rad.io, radio.de dan radio.fr[CR]Fitur saat ini[CR]- Terjemahan Inggris, Jerman dan Perancis[CR]- Jelajah stasiun berdasarkan lokasi, tema, topik, negara, kota dan bahasa[CR]- Cari stasiun[CR]- 115 tema, 59 topik, 94 negara, 1010 kota, 63 bahasa</description>
        <description lang="it">Plugin per accedere a oltre 7000 trasmissioni internazionali radiofoniche da rad.io, radio.de e radio.fr[CR]Caratteristiche[CR]- Supporta inglese, tedesco e francese[CR]- Sfoglia le stazioni per località, genere, argomento, paese, citta e lingua[CR]- Ricerca delle stazioni[CR]- 115 generi, 59 argomenti, 94 paesi, 1010 città e 63 lingue</description>
        <description lang="lt">Muzikos įskiepio prieiga prie daugiau nei 7000 tarptautinių radijo transliacijų iš rad.io, radio.de ir radio.fr [CR] Šiuo metu programoja išversta į [Cr] - anglų, vokiečių ir prancūzų kalbas [CR] - Naršyti stotis pagal: vietovę, žanrą, temą, šalį, miestą ir/ar kalbą [CR] - Ieškoti radio stočių pagal:[Cr] - 115 žanrai, 59 temos, 94 šalys, 1010 miestų, 63 kalbos</description>
        <description lang="nl">muziek plug-in om toegang te krijgen tot over 7000 internationale radiouitzendingen van rad.io, radio.de en radio.fr[CR]Huidige functies[CR]- engels, duits en frans vertaalt[CR]- Zoek naar stations vanuit locatie, genre, onderwerp, land, plaats en taal[CR]- zoek voor stations[CR]- 115 genres. 59 onderwerpen, 94 landen. 1010 plaatsen, 63 talen</description>
        <description lang="pl">Wtyczka muzyczna dająca dostęp do ponad 7000 międzynarodowych stacji radiowych z[CR]rad.io, radio.de, daio.fr[CR]Obecnie w językach[CR]- Angielski, Niemiecki i Francuski[CR]- Szukaj stacji według lokacji, gatunku, tematu, kraju, miasta czy języka[CR]- 115 gatunków, 59 tematów, 94 kraje, 1010 miasta, 63 języki</description>
        <description lang="pt">Plugin de música para aceder a mais de 7000 transmissões de rádio internacionais de rad.io, radio.de e radio.fr[CR]Actualmente, disponibiliza:[CR]- Traduções em vários idiomas[CR]- Navegar estações por localização, género, tópico, país, cidade e idioma[CR]- Procurar por estações[CR]- 115 géneros, 59 tópicos, 94 países, 1010 cidades, 63 idiomas</description>
        <description lang="pt_BR">Plugin de música para acessar mais de 7000 emissoras de rádio internacionais de rad.io, radio.de e radio.fr [CR] Principais características [CR] - Inglês, Alemão e Francês traduzido [CR] - Procure estações por localização, gênero, tópico, país , cidade e  linguagem [CR] - Procure estações [CR] - 115 gêneros, 59 temas, 94 países, 1010 cidades, 63 idiomas</description>
        <description lang="sk">Hudobný doplnok na prístup k vyše 7000 medzinárodným rádio vysielaniam z rad.io, radio.de a radio.fr&#10;Momentálne podporuje:&#10;- anglické, nemecké a francúzske preklady&#10;- prehliadanie staníc podľa umiestnenia, žánru, témy, krajiny, mesta a jazyka&#10;- vyhľadávanie staníc&#10;- 115 žánrov, 59 tém, 94 krajín, 1010 miest, 63 jazykov</description>
        <description lang="sv">Musiktillägg som ger åtkomst till över 7000 internationella radiosändningar från rad.io, radio.de och radio.fr[CR]Nuvarande funktioner[CR]- Engelsk, tysk, svensk och fransk översättning[]- Bläddra efter stationer baserat på genre, ämne, land, stad och språk[CR]- Sök efter stationer[CR]-115 genres, 59 ämnen, 94 länder, 1010 städer, 63 språk</description>
        <description lang="ta_IN">இசை துணை பயன் rad.io, radio.de மற்றும் radio.fr இருந்து 7000 க்கும் மேல் வானொலி ஒளிபரப்புகளை அணுக உதவி செய்யும்[CR]தற்போதைய அம்சங்கள்[CR]- ஆங்கிலம், ஜெர்மன் மற்றும் பிரெஞ்சு மொழியாக்கம்[CR]- இருப்பிடம், வகை, தலைப்பு, நாடு, நகரம் மற்றும் மொழி கொண்டு நிலையங்களை உலாவ முடியும்[CR]- நிலையங்களை தேடுதல்[CR]- 115 வகைகள், 59 தலைப்புகள், 94 நாடுகள், 1010 நகரங்கள், 63 மொழிகள்</description>
        <description lang="zh">访问rad.io、radio.de和radio.fr上超过7000个国际电台广播的音频插件[CR]现有功能[CR]- 英语、德语和法语支持[CR]- 按地点、类别、主题、国家、城市和语言浏览站点[CR]- 搜索站点[CR]- 115个类别、59个主题、94个国家、1010城市、63种语言</description>
    </extension>
</addon>