<?xml version="1.0" encoding="UTF-8" standalone="yes"?><addon id="plugin.video.KeltecMP"       name="[B][COLOR dimgrey]KelTec[/COLOR]-[COLOR crimson]Media-Play[/COLOR][/B]"       version="5.0-O"       provider-name="Team KelTec Media'Play">  <requires>    <import addon="xbmc.python" version="2.24.0"/>	<import addon="script.module.t0mm0.common" version="2.0.0"/>    <import addon="script.module.beautifulsoup" version="3.2.1"/>    <import addon="script.module.simple.downloader" version="0.9.4"/>    <import addon="script.module.beautifulsoup4" />    <import addon="script.module.simple.downloader" version="0.9.4"/>    <import addon="script.module.requests" version="0.9.4"/>    <import addon="script.module.httplib2" />    <import addon="script.module.youtube.dl" optional="true"/>    <import addon="script.module.urlresolver" optional="true"/>    <import addon="script.module.simplejson" /> 	<import addon="script.common.plugin.cache" version="2.5.2"/>    <import addon="script.module.metahandler" version="2.5.1"/>    <import addon="plugin.video.youtube" version="5.2.1" />    <import addon="script.module.livestreamer"/>    <import addon="script.module.pyamf"/>	<import addon="script.module.addon.common" />	<import addon="script.module.addon.signals" version="0.0.1"/>    <import addon = "script.module.unidecode" version = "0.4.16" />  </requires>  <extension point="xbmc.python.pluginsource" library="default.py">    <provides>video</provides>  </extension>  <extension point="xbmc.addon.repository" name="[B]KelTecMP Repo[/B]">		<info compressed="false">https://raw.githubusercontent.com/Jhonny-lima/Reposit-rio-KelTec-MP/master/addons.xml</info>		<checksum>https://raw.githubusercontent.com/Jhonny-lima/Reposit-rio-KelTec-MP/master/addons.xml.md5</checksum>		<datadir zip="true">https://raw.githubusercontent.com/Jhonny-lima/Reposit-rio-KelTec-MP/master/Plugins</datadir>	</extension>  <extension point="xbmc.addon.metadata">	<summary>TV,Filmes,Series,Desenhos Online - Repositorio Oficial KelTec Media'Play</summary>        <description lang="en">[COLOR gold][B]KelTec-Media-Play[COLOR white] - [/COLOR]ADD-ON[/B][/COLOR][COLOR crimson], oferece TV,Filmes,Series,Desenhos Online - Repositorio Oficial KelTec Media'Play, links totalmente funcionais e constantemente            atualizados OBS: O CRIADOR DESSE ADD-ON NÃO HOSPEDA NENHUM CONTEÚDO APENAS REORGANIZAMOS, INDEXAMOS NOVAMENTE TODO CONTEÚDO PODE SER ENCONTRADO NA INTERNET COM BUSCA SIMPLES.[/COLOR],</description>        <disclaimer lang="en">[COLOR darkgrey][B] KelTec-Media-Play[/B][/COLOR][COLOR crimson]O autor não é de forma alguma afiliado à Kodi, à Team Kodi ou à XBMC Foundation. Este é um recurso sem fins lucrativos, organizado exclusivamente para fins educacionais e protegido pela doutrina de uso justo da Lei de Direitos Autorais, especificamente a seção 107, que promove a liberdade de expressão, permitindo o uso não licenciado de obras protegidas por direitos autorais; nao tem nenhuma afiliação com o provedor de conteúdo.[COLOR darkgrey][B] KelTec-Media-Play[/B] [/COLOR]Os creditos para a pagina: http://www.megatorrentshd.com[/COLOR]</disclaimer>        <website>https://keltecmp.net/</website>        <forum></forum>        <license>GNU GENERAL PUBLIC LICENSE. Version 2.</license>        <platform>all</platform>    </extension></addon>