<?xml version="1.0" encoding="UTF-8" standalone="yes"?>
<addon 	id="vikings.repo" name="[B][COLOR orange]Repo Vikings [COLOR green]Livre de Imagens Pornograficas e ofensivas a Familia Brasileira!![/B][/COLOR]"
		version="1.56"
		provider-name="[B][COLOR gold]Vikings TEAM[/B][/COLOR]">

	<requires>
            <import addon="xbmc.python" version="2.1.0"/>
		    <import addon="script.module.addon.common" optional="true" />
		    <import addon="script.module.t0mm0.common" optional="true" />
		    <import addon="script.module.urlresolver" optional="true" />
    </requires>
	
	<extension point="xbmc.addon.repository" name=".Vikings Repositorio">
		<info compressed="true">https://github.com/vikingsbuild/vikings.repo/raw/master/addons.xml</info>
			<checksum>https://github.com/vikingsbuild/vikings.repo/raw/master/addons.xml.md5</checksum>
			<datadir zip="true">https://github.com/vikingsbuild/vikings.repo/raw/master</datadir>
	</extension>
		
	<extension point="xbmc.addon.metadata">
	<news>
	[COLOR orange]LOG DE CORREÇÔES[/COLOR]
	[COLOR red]*[/COLOR] V 1.53 - ajustes de dependencias...
	[COLOR orange]*[/COLOR] V 1.15.1 - Excluido a instalação do plugin Youtube que provocava erros em algumas box...
	[COLOR gold]*[/COLOR]   V 1.17.1 - Corrigido dependências que provocava erros quando instalado o repositório em Kodi Padrão.
	</news>
		
	<summary>Repositorio Vikings levando os melhores addons a sua familia e aos quatro cantos do Mundo!!!</summary>
		
	<description>	
                    [B][COLOR orange]Repositório Vikings, SEM BANIMENTO! SEM SCRIPT MALICIOSO!! PURO, LIMPO E SIMPLES!!![/COLOR][/B]
					[B][COLOR red]Repositório oficial Vikings Build - Proibido reprodução total ou parcial sem prévia autorização[/COLOR][/B]
					[B][COLOR white]Addons deste repositório é de uso gratuito!![/COLOR][/B]
					[B][COLOR firebrick]Proibido a venda dos add-ons contidos neste repositório[/COLOR][/B]
	</description>
		
<disclaimer>[B][COLOR orange]Repositório Vikings é apenas um AGREGADOR de ADDONS e, assim como o Google.com, apenas agrega e organiza ADDONS DE TERCEIROS. Não somos responsáveis pelos arquivos aqui encontrados.[/COLOR][/B]</disclaimer>
		<platform>all</platform>
	</extension>
</addon>
