<?xml version="1.0" encoding="UTF-8" standalone="yes"?>
<addon id="plugin.video.atto.filmes" name="[B][COLOR black]_[COLOR aqua]ATTO[COLOR white] - [COLOR violet]FILMES![/COLOR][/B]" version="2.9" provider-name="[COLOR aqua]Team ATTO[/COLOR]">
    <requires>
        <import addon="xbmc.python" version="2.1.0" />
        <import addon="script.module.t0mm0.common" version="2.1.1" />
        <import addon="script.module.beautifulsoup" version="3.2.1" />
        <import addon="script.module.simple.downloader" version="1.9.5" />
        <import addon="script.module.beautifulsoup4" />
        <import addon="script.module.simple.downloader" version="1.9.5" />
        <import addon="script.module.requests" />
        <import addon="script.module.httplib2" />
        <import addon="script.module.youtube.dl" optional="true" />
        <import addon="plugin.video.youtube" version="5.3.12" />
        <import addon="script.module.urlresolver" />
        <import addon="script.module.simplejson" />
        <import addon="script.common.plugin.cache" version="2.5.5" />
        <import addon="script.module.metahandler" version="2.9.0" />
        <import addon="repository.atto.team2.repository" optional="false" />
    </requires>
    <extension point="xbmc.python.pluginsource" library="run.py">
        <provides>video</provides>
    </extension>
    <extension point="xbmc.addon.metadata">
        <summary lang="en">[COLOR aqua]AttoFilmes: Conteúdo VoD, disponível na internet[/COLOR]</summary>
        <description lang="en">[COLOR fuchsia]AttoFilmes, É um mecanismo de pesquisa e transmissão de links. Não navega em sites de Filmes ou Series, por razões legais. No entanto, tem complementos especialmente projetados (chamados de provedores ou fornecedores) que são instalados separadamente.[/COLOR]</description>
        <disclaimer lang="en">[COLOR aqua]O autor não é responsável pelo conteúdo encontrado neste addon. O autor não hospeda qualquer conteúdo encontrado dentro deste addon. O autor não está vinculado ou relacionado de forma alguma a Kodi, Team Kodi ou XBMC Foundation.[COLOR]</disclaimer>
        <website></website>
        <forum></forum>
        <license>http://www.gnu.org/licenses/</license>
        <platform>all</platform>
        <assets>
            <icon>icon.png</icon>
            <fanart>fanart.jpg</fanart>
        </assets>
    </extension>
</addon>