<?xml version="1.0" encoding="UTF-8" standalone="yes"?>
<addon id="plugin.video.KamiKaze"
       name="[COLOR darkorange][B]KamiKaze[/B][/COLOR]"
       version="1.1"
       provider-name="The KamiKazes">
  <requires>
    <import addon="xbmc.python" version="2.1.0"/>
    <import addon="script.module.beautifulsoup" version="3.2.1"/>
    <import addon="script.module.simple.downloader" version="0.9.4"/>
    <import addon="script.module.beautifulsoup4" />
    <import addon="script.module.requests" />
    <import addon="script.module.httplib2" />
    <import addon="script.module.liveresolver" version="0.1.24" optional="true"/>
    <import addon="script.module.youtube.dl" optional="true"/>
    <import addon="plugin.video.youtube" optional="true" />
	<import addon="plugin.video.SportsDevil" optional="true" />
    <import addon="script.module.urlresolver" optional="true"/>
    <import addon="script.module.simplejson" />    
     <import addon="script.module.livestreamer" optional="true"/>
     <import addon="script.module.pyamf" optional="true"/>
  </requires>
  <extension point="xbmc.python.pluginsource" library="default.py">
    <provides>video</provides>
  </extension>
  
  	
  <extension point="xbmc.addon.metadata">
    <summary>KamiKaze - Tudo de Filmes e Series, você vai encontrar aqui, então entre e fique a vontade, Versão 1.1</summary>
    <description>
        KamiKaze - Duvidas ou Sugestões acesse nosso Grupo no Whatsapp "https://chat.whatsapp.com/Kqfc8v6CBJL8nL6KhmZ82Y"
             
    </description>
    <platform>all</platform>
  </extension>
</addon>