<?xml version="1.0" encoding="UTF-8" standalone="yes"?>
<addon id="plugin.video..pikachu"
       name="[B][COLOR yellow][B]PIKACHU [COLOR lime] ENTRETENIMENTOS!!![/B][/COLOR]"
       version="1.12.0"
       provider-name="[B][COLOR yellow] PIKACHU [COLOR lime] ENTRETENIMENTOS!!![/COLOR][/B]">
  <requires>
    <import addon="xbmc.python" version="2.1.0"/>
    <import addon="script.module.beautifulsoup" version="3.2.1"/>
    <import addon="script.module.simple.downloader" version="0.9.4"/>
    <import addon="script.module.beautifulsoup4" />
    <import addon="script.module.requests" />
    <import addon="script.module.httplib2" />
    <import addon="script.module.liveresolver" version="0.1.24" optional="true"/>
    <import addon="script.module.youtube.dl" optional="true"/>
    <import addon="plugin.video.youtube" optional="true" />
	<import addon="plugin.video.SportsDevil" optional="true" />
    <import addon="script.module.urlresolver" optional="true"/>
    <import addon="script.module.simplejson" />    
     <import addon="script.module.livestreamer" optional="true"/>
     <import addon="script.module.pyamf" optional="true"/>
  </requires>
  <extension point="xbmc.python.pluginsource" library="default.py">
    <provides>video</provides>
  </extension>
  
  	
  <extension point="xbmc.addon.metadata">
    <summary>[B][COLOR yellow] PIKACHU [COLOR lime] ENTRETENIMENTOS!!![/COLOR][/B]</summary>
    <description>
       [B]ATENCAO:[B] [COLOR yellow] Os conteudos diponibilizados neste [ ADDON ],sao conteudos retransmitidos de iternet e outras plataformas digitais;Nessecitando assim de uma periodica manutencao.Caso o conteudo que voce queira assistir esteja  [COLOR lime][ OFF ]  [COLOR firebrick] Por favor avise-nos : [ 85]  99738-1821 [COLOR yellow] PIKACHU [COLOR lime] ENTRETENIMENTOS!!![/COLOR][/B]
             
    </description>
    <platform>all</platform>
  </extension>
</addon>
