<?xml version="1.0" encoding="UTF-8" standalone="yes"?>
<addon id="plugin.video.apollo" name="[COLOR deepskyblue][B]APOLLO[/COLOR][/B]" version="1.3.2" provider-name="[COLOR deepskyblue][B]TEAM[/COLOR][/B][COLOR orange][B] APOLLO[/COLOR][/B]"> 
<requires>
    <import addon="xbmc.python" version="2.1.0"/>
    <import addon="script.module.t0mm0.common"/>
    <import addon="script.module.beautifulsoup"/>
    <import addon="script.module.beautifulsoup4"/>
    <import addon="script.module.simple.downloader"/>
    <import addon="script.module.requests"/>
    <import addon="script.module.httplib2"/>
    <import addon="script.module.urlresolver"/>
    <import addon="script.module.simplejson"/>
    <import addon="script.common.plugin.cache"/>
    <import addon="script.module.metahandler"/>
</requires>
<extension point="xbmc.python.pluginsource" library="apollo.py"> 
<provides>video</provides>
</extension>                   
<extension point="xbmc.addon.repository" name="Repositorio [COLOR orange][B]APOLLO[/B][/COLOR][COLOR deepskyblue][B][/B][/COLOR]">
<info compressed="false">https://raw.githubusercontent.com/Tiagotj/REPOSITORIO-APOLLO/master/addons.xml</info>
<checksum>https://raw.githubusercontent.com/Tiagotj/REPOSITORIO-APOLLO/master/addons.xml.md5</checksum>
<datadir zip="true">https://raw.githubusercontent.com/Tiagotj/REPOSITORIO-APOLLO/master/ZipFiles</datadir> 
</extension>
<extension point="xbmc.addon.metadata">
<summary lang="en">[COLOR orange][B]FEITO PARA FAMILIA![/COLOR][/B]</summary>
<description lang="en">[COLOR deepskyblue][B]O AUTOR NAO E RESPONSAVEL POR QUALQUER CONTEUDOS ENCONTRADO NESSE[/COLOR][/B] [COLOR orange][B] ADDON[/COLOR][/B]</description>
<disclaimer lang="en">O AUTOR NAO E DE FORMA ALGUMA FILIADO O KODI OU TEAM KODI, ESSES CONTEUDOS OU RECURSOS SEM FIM LUCRATIVOS ORGANIZADO EXCLUSIVAMENTE PARA FINS EDUCA CIONAIS E PROTEGIDO PELA DOUTRINA DE USO DA LEI DE DIREITOS AUTORAIS ESPECIFICAMENTE A SECAO 107 QUE PROMOVE A LIBERDADE DE EXPRESSAO PERMITIDO O USO DE OBRAS PROTEGIDAS POR DIREITOS AUTORAIS.</disclaimer>
<platform>all</platform>
</extension>
</addon>